{
	"partitions" : [
		{
			"name" : "Top",
			"pins" : [
				{
					"name" : "bit1",
					"strict" : false
				},
				{
					"name" : "bit2",
					"strict" : false
				},
				{
					"name" : "bit3",
					"strict" : false
				},
				{
					"name" : "bit4",
					"strict" : false
				},
				{
					"name" : "bit5",
					"strict" : false
				},
				{
					"name" : "bit6",
					"strict" : false
				},
				{
					"name" : "bit7",
					"strict" : false
				},
				{
					"name" : "bit8",
					"strict" : false
				},
				{
					"name" : "direction",
					"strict" : false
				},
				{
					"name" : "test",
					"strict" : false
				},
				{
					"name" : "out[7]",
					"strict" : false
				},
				{
					"name" : "out[6]",
					"strict" : false
				},
				{
					"name" : "out[5]",
					"strict" : false
				},
				{
					"name" : "out[4]",
					"strict" : false
				},
				{
					"name" : "out[3]",
					"strict" : false
				},
				{
					"name" : "out[2]",
					"strict" : false
				},
				{
					"name" : "out[1]",
					"strict" : false
				},
				{
					"name" : "out[0]",
					"strict" : false
				},
				{
					"name" : "CLK_51",
					"strict" : false
				}
			]
		}
	]
}