{
	"partitions" : [
		{
			"name" : "Top",
			"pins" : [
				{
					"name" : "bit1",
					"strict" : false
				},
				{
					"name" : "bit2",
					"strict" : false
				},
				{
					"name" : "bit3",
					"strict" : false
				},
				{
					"name" : "bit4",
					"strict" : false
				},
				{
					"name" : "bit5",
					"strict" : false
				},
				{
					"name" : "bit6",
					"strict" : false
				},
				{
					"name" : "bit7",
					"strict" : false
				},
				{
					"name" : "bit8",
					"strict" : false
				},
				{
					"name" : "direction",
					"strict" : false
				},
				{
					"name" : "test",
					"strict" : false
				},
				{
					"name" : "VGA_CLK",
					"strict" : false
				},
				{
					"name" : "bit9",
					"strict" : false
				},
				{
					"name" : "bit10",
					"strict" : false
				},
				{
					"name" : "bit11",
					"strict" : false
				},
				{
					"name" : "bit12",
					"strict" : false
				},
				{
					"name" : "bit13",
					"strict" : false
				},
				{
					"name" : "bit14",
					"strict" : false
				},
				{
					"name" : "bit15",
					"strict" : false
				},
				{
					"name" : "bit16",
					"strict" : false
				},
				{
					"name" : "direction54",
					"strict" : false
				},
				{
					"name" : "test55",
					"strict" : false
				},
				{
					"name" : "VGA_R[7]",
					"strict" : false
				},
				{
					"name" : "VGA_R[6]",
					"strict" : false
				},
				{
					"name" : "VGA_R[5]",
					"strict" : false
				},
				{
					"name" : "VGA_R[4]",
					"strict" : false
				},
				{
					"name" : "VGA_R[3]",
					"strict" : false
				},
				{
					"name" : "VGA_R[2]",
					"strict" : false
				},
				{
					"name" : "VGA_R[1]",
					"strict" : false
				},
				{
					"name" : "VGA_R[0]",
					"strict" : false
				},
				{
					"name" : "SW[0]",
					"strict" : false
				},
				{
					"name" : "CLOCK_50",
					"strict" : false
				}
			]
		}
	]
}